"Message",Low,"Build started."
"Message",Low,"Project ""Unnamed_1"" (default targets):"
"Message",Low,"Building with tools version ""4.0""."
"Message",Low,"Target ""PrintILCStartMessage"" in file ""C:\Program Files (x86)\MSBuild\Microsoft\.NetNative\ARM\ilc\IlcInternals.targets"" from project ""C:\Users\Doniald\Desktop\ManualReference\Lane\Lane\Unnamed_1"" (target ""Build"" depends on it):"
"Message",Low,"Using ""IlcMessageTask"" task from assembly ""C:\Program Files (x86)\MSBuild\Microsoft\.NetNative\ARM\ilc\ilc.exe""."
"Message",Low,"Task ""IlcMessageTask"""
"Message",High,"Starting .NET Native compilation"
"Message",Low,"Done executing task ""IlcMessageTask""."
"Message",Low,"Done building target ""PrintILCStartMessage"" in project ""Unnamed_1""."
"Message",Low,"Target ""LogAppContextSwitches"" in file ""C:\Program Files (x86)\MSBuild\Microsoft\.NetNative\ARM\ilc\IlcInternals.targets"" from project ""C:\Users\Doniald\Desktop\ManualReference\Lane\Lane\Unnamed_1"" (target ""SetMainTargetPaths"" depends on it):"
"Message",Low,"Using ""Message"" task from assembly ""Microsoft.Build.Tasks.v4.0, Version=4.0.0.0, Culture=neutral, PublicKeyToken=b03f5f7f11d50a3a""."
"Message",Low,"Task ""Message"""
"Message",Normal,"AppContextSwitch: ''"
"Message",Low,"Done executing task ""Message""."
"Message",Low,"Done building target ""LogAppContextSwitches"" in project ""Unnamed_1""."
"Message",Low,"Target ""SetMainTargetPaths"" in file ""C:\Program Files (x86)\MSBuild\Microsoft\.NetNative\ARM\ilc\IlcInternals.targets"" from project ""C:\Users\Doniald\Desktop\ManualReference\Lane\Lane\Unnamed_1"" (target ""CopyNativeExecutablesToOutput"" depends on it):"
"Message",Low,"Done building target ""SetMainTargetPaths"" in project ""Unnamed_1""."
"Message",Low,"Target ""GenerateFakeExe"" skipped, due to false condition; (!Exists('@(InputILTarget)')) was evaluated as (!Exists('C:\Users\Doniald\Desktop\ManualReference\Lane\Lane\obj\ARM\Release\ilc\in\Lane.exe'))."
"Message",Low,"Target ""InjectCoreLibTypeForwards"" in file ""C:\Program Files (x86)\MSBuild\Microsoft\.NetNative\ARM\ilc\IlcInternals.targets"" from project ""C:\Users\Doniald\Desktop\ManualReference\Lane\Lane\Unnamed_1"" (target ""RunILTransforms"" depends on it):"
"Message",Low,"Using ""MakeDir"" task from assembly ""Microsoft.Build.Tasks.v4.0, Version=4.0.0.0, Culture=neutral, PublicKeyToken=b03f5f7f11d50a3a""."
"Message",Low,"Task ""MakeDir"""
"Message",Normal,"Creating directory ""C:\Users\Doniald\Desktop\ManualReference\Lane\Lane\obj\ARM\Release\ilc\intermediate\TransformedCoreLib\""."
"Message",Low,"Done executing task ""MakeDir""."
"Message",Low,"Using ""ILTransformTask"" task from assembly ""Microsoft.Build.ILTasks""."
"Message",Low,"Task ""ILTransformTask"""
"Message",Normal,"Running 'InjectCoreLibTypeForwards' transform, heap at 15 MB."
"Message",Normal,"Running 'InjectCoreLibIReflectableTypeSupport' transform, heap at 34 MB."
"Message",Normal,"Running 'WriteAssemblies' transform, heap at 34 MB."
"Message",Normal,""
"Message",Normal,"Transform summary"
"Message",Normal,"   ms | heap delta | name"
"Message",Normal,"  1334 |         19 | InjectCoreLibTypeForwards"
"Message",Normal,"  1040 |          7 | WriteAssemblies"
"Message",Normal,"    22 |          0 | InjectCoreLibIReflectableTypeSupport"
"Message",Low,"Done executing task ""ILTransformTask""."
"Message",Low,"Done building target ""InjectCoreLibTypeForwards"" in project ""Unnamed_1""."
"Message",Low,"Target ""InjectCoreLibTypeForwards"" skipped. Previously built successfully."
"Message",Low,"Target ""PreResolveTransforms"" in file ""C:\Program Files (x86)\MSBuild\Microsoft\.NetNative\ARM\ilc\IlcInternals.targets"" from project ""C:\Users\Doniald\Desktop\ManualReference\Lane\Lane\Unnamed_1"" (target ""RunILTransforms"" depends on it):"
"Message",Low,"Building target ""PreResolveTransforms"" completely."
"Message",Low,"Output file ""C:\Users\Doniald\Desktop\ManualReference\Lane\Lane\obj\ARM\Release\ilc\intermediate\PreMergeILTransformed\Lane.exe"" does not exist."
"Message",Low,"Task ""MakeDir"""
"Message",Normal,"Creating directory ""C:\Users\Doniald\Desktop\ManualReference\Lane\Lane\obj\ARM\Release\ilc\intermediate\PreMergeILTransformed\""."
"Message",Low,"Done executing task ""MakeDir""."
"Message",Low,"Using ""AssemblyClosureTask"" task from assembly ""Microsoft.Build.ILTasks""."
"Message",Low,"Task ""AssemblyClosureTask"""
"Message",Low,"Done executing task ""AssemblyClosureTask""."
"Message",Low,"Task ""ILTransformTask"""
"Message",Normal,"Running 'ResolveSelfReferences' transform, heap at 14 MB."
"Message",Normal,"Could not find symbols for assembly 'C:\Users\Doniald\Desktop\ManualReference\Lane\Lane\obj\ARM\Release\ilc\in\Microsoft.ApplicationInsights.dll'. Symbols should be placed in the same folder as the assembly."
"Message",Normal,"Could not find symbols for assembly 'C:\Users\Doniald\Desktop\ManualReference\Lane\Lane\obj\ARM\Release\ilc\in\Microsoft.ApplicationInsights.Extensibility.Windows.dll'. Symbols should be placed in the same folder as the assembly."
"Message",Normal,"Could not find symbols for assembly 'C:\Users\Doniald\Desktop\ManualReference\Lane\Lane\obj\ARM\Release\ilc\in\Microsoft.ApplicationInsights.PersistenceChannel.dll'. Symbols should be placed in the same folder as the assembly."
"Message",Normal,"Could not find symbols for assembly 'C:\Users\Doniald\Desktop\ManualReference\Lane\Lane\obj\ARM\Release\ilc\in\Microsoft.WindowsAzure.Mobile.dll'. Symbols should be placed in the same folder as the assembly."
"Message",Normal,"Could not find symbols for assembly 'C:\Users\Doniald\Desktop\ManualReference\Lane\Lane\obj\ARM\Release\ilc\in\Microsoft.WindowsAzure.Mobile.Ext.dll'. Symbols should be placed in the same folder as the assembly."
"Message",Normal,"Could not find symbols for assembly 'C:\Users\Doniald\Desktop\ManualReference\Lane\Lane\obj\ARM\Release\ilc\in\Newtonsoft.Json.dll'. Symbols should be placed in the same folder as the assembly."
"Message",Normal,"Could not find symbols for assembly 'C:\Users\Doniald\Desktop\ManualReference\Lane\Lane\obj\ARM\Release\ilc\in\SQLite.Net.dll'. Symbols should be placed in the same folder as the assembly."
"Message",Normal,"Could not find symbols for assembly 'C:\Users\Doniald\Desktop\ManualReference\Lane\Lane\obj\ARM\Release\ilc\in\SQLite.Net.Platform.WinRT.dll'. Symbols should be placed in the same folder as the assembly."
"Message",Normal,"Could not find symbols for assembly 'C:\Users\Doniald\Desktop\ManualReference\Lane\Lane\obj\ARM\Release\ilc\in\System.Net.Http.Extensions.dll'. Symbols should be placed in the same folder as the assembly."
"Message",Normal,"Running 'RemoveDuplicateMembers' transform, heap at 33 MB."
"Message",Normal,"Running 'GenericNameValidator' transform, heap at 33 MB."
"Message",Normal,"Running 'PortableLib' transform, heap at 33 MB."
"Message",Normal,"Running 'WriteAssemblies' transform, heap at 63 MB."
"Message",Normal,""
"Message",Normal,"Transform summary"
"Message",Normal,"   ms | heap delta | name"
"Message",Normal,"  2048 |         19 | ResolveSelfReferences"
"Message",Normal,"  1107 |         30 | PortableLib"
"Message",Normal,"   751 |        -22 | WriteAssemblies"
"Message",Normal,"    16 |          0 | GenericNameValidator"
"Message",Normal,"     0 |          0 | RemoveDuplicateMembers"
"Message",Low,"Done executing task ""ILTransformTask""."
"Message",Low,"Using ""Copy"" task from assembly ""Microsoft.Build.Tasks.v4.0, Version=4.0.0.0, Culture=neutral, PublicKeyToken=b03f5f7f11d50a3a""."
"Message",Low,"Task ""Copy"""
"Message",Normal,"Copying file from ""C:\Users\Doniald\Desktop\ManualReference\Lane\Lane\obj\ARM\Release\ilc\in\Lane.pdb"" to ""C:\Users\Doniald\Desktop\ManualReference\Lane\Lane\obj\ARM\Release\ilc\intermediate\PreMergeILTransformed\Lane.pdb""."
"Message",Low,"Done executing task ""Copy""."
"Message",Low,"Task ""Copy"""
"Message",Normal,"Copying file from ""C:\Users\Doniald\Desktop\ManualReference\Lane\Lane\obj\ARM\Release\ilc\in\Lane.exe"" to ""C:\Users\Doniald\Desktop\ManualReference\Lane\Lane\obj\ARM\Release\ilc\intermediate\PreMergeILTransformed\Lane.exe""."
"Message",Low,"Done executing task ""Copy""."
"Message",Low,"Task ""Copy"" skipped, due to false condition; ('$(HasMcgPatchDlls)'=='true') was evaluated as (''=='true')."
"Message",Low,"Done building target ""PreResolveTransforms"" in project ""Unnamed_1""."
"Message",Low,"Target ""InitInputResourceName"" in file ""C:\Program Files (x86)\MSBuild\Microsoft\.NetNative\ARM\ilc\IlcInternals.targets"" from project ""C:\Users\Doniald\Desktop\ManualReference\Lane\Lane\Unnamed_1"" (target ""RunILTransforms"" depends on it):"
"Message",Low,"Task ""ResolveFilePathTask"" skipped, due to false condition; ('$(InputPath)' != '' and Exists('$(InputPath)\obj\')) was evaluated as ('C:\Users\Doniald\Desktop\ManualReference\Lane\Lane\obj\ARM\Release\ilc\in' != '' and Exists('C:\Users\Doniald\Desktop\ManualReference\Lane\Lane\obj\ARM\Release\ilc\in\obj\'))."
"Message",Low,"Using ""ResolveFilePathTask"" task from assembly ""Microsoft.Build.ILTasks""."
"Message",Low,"Task ""ResolveFilePathTask"""
"Message",Low,"Done executing task ""ResolveFilePathTask""."
"Message",Low,"Done building target ""InitInputResourceName"" in project ""Unnamed_1""."
"Message",Low,"Target ""PreResolveTransforms"" skipped. Previously built successfully."
"Message",Low,"Target ""SetForSharedInputs"" skipped, due to false condition; ('$(UseSharedAssemblies)' == 'true') was evaluated as ('false' == 'true')."
"Message",Low,"Target ""SetForBuildSharedAssemblies"" skipped, due to false condition; ('$(BuildSharedAssemblies)' == 'true') was evaluated as ('false' == 'true')."
"Message",Low,"Target ""ResolveInitialReferences"" in file ""C:\Program Files (x86)\MSBuild\Microsoft\.NetNative\ARM\ilc\IlcInternals.targets"" from project ""C:\Users\Doniald\Desktop\ManualReference\Lane\Lane\Unnamed_1"" (target ""RunILTransforms"" depends on it):"
"Message",Low,"Task ""ResolveFilePathTask"""
"Message",Low,"Done executing task ""ResolveFilePathTask""."
"Message",Low,"Task ""ResolveFilePathTask"""
"Message",Low,"Done executing task ""ResolveFilePathTask""."
"Message",Low,"Task ""IlcErrorTask"" skipped, due to false condition; ('@(UnresolvedManagedDllFilesErrorParameters)'!='') was evaluated as (''!='')."
"Message",Low,"Task ""AssemblyClosureTask"""
"Message",Low,"Done executing task ""AssemblyClosureTask""."
"Message",Low,"Task ""AssemblyClosureTask"""
"Message",Low,"Done executing task ""AssemblyClosureTask""."
"Message",Low,"Using ""RemoveDuplicates"" task from assembly ""Microsoft.Build.Tasks.v4.0, Version=4.0.0.0, Culture=neutral, PublicKeyToken=b03f5f7f11d50a3a""."
"Message",Low,"Task ""RemoveDuplicates"""
"Message",Low,"Done executing task ""RemoveDuplicates""."
"Message",Low,"Done building target ""ResolveInitialReferences"" in project ""Unnamed_1""."
"Message",Low,"Target ""RunILTransforms"" in file ""C:\Program Files (x86)\MSBuild\Microsoft\.NetNative\ARM\ilc\IlcInternals.targets"" from project ""C:\Users\Doniald\Desktop\ManualReference\Lane\Lane\Unnamed_1"" (target ""GenerateMDILResponseFileSingleFile"" depends on it):"
"Message",Low,"Building target ""RunILTransforms"" completely."
"Message",Low,"Output file ""C:\Users\Doniald\Desktop\ManualReference\Lane\Lane\obj\ARM\Release\ilc\intermediate\ILTransformed\Lane.ilexe"" does not exist."
"Message",Low,"Task ""IlcMessageTask"""
"Message",High,"Processing application code"
"Message",Low,"Done executing task ""IlcMessageTask""."
"Message",Low,"Using ""ValidateSimpleNamesTask"" task from assembly ""C:\Program Files (x86)\MSBuild\Microsoft\.NetNative\ARM\ilc\ilc.exe""."
"Message",Low,"Task ""ValidateSimpleNamesTask"""
"Message",Low,"Done executing task ""ValidateSimpleNamesTask""."
"Message",Low,"Task ""MakeDir"""
"Message",Normal,"Creating directory ""C:\Users\Doniald\Desktop\ManualReference\Lane\Lane\obj\ARM\Release\ilc\intermediate\ILTransformed\""."
"Message",Low,"Done executing task ""MakeDir""."
"Message",Low,"Task ""MakeDir"" skipped, due to false condition; ('$(BuildSharedAssemblies)' == 'true' And '$(InternalFeatureSwitch_ILTableOfContents)' == 'true') was evaluated as ('false' == 'true' And 'true' == 'true')."
"Message",Low,"Task ""MakeDir"" skipped, due to false condition; ('$(BuildSharedAssemblies)' == 'true' And '$(InternalFeatureSwitch_ILTableOfContents)' == 'true') was evaluated as ('false' == 'true' And 'true' == 'true')."
"Message",Low,"Task ""IlcErrorTask"" skipped, due to false condition; ('$(PlatformTarget)'=='') was evaluated as ('arm'=='')."
"Message",Low,"Task ""ResolveFilePathTask"""
"Message",Low,"Done executing task ""ResolveFilePathTask""."
"Message",Low,"Task ""IlcErrorTask"" skipped, due to false condition; ('@(UnresolvedMcgSourceContractsReferencesErrorParameters)'!='') was evaluated as (''!='')."
"Message",Low,"Task ""ResolveFilePathTask"""
"Message",Low,"Done executing task ""ResolveFilePathTask""."
"Message",Low,"Task ""IlcErrorTask"" skipped, due to false condition; ('@(UnresolvedMcgSourceFacadeErrorParameters)'!='') was evaluated as (''!='')."
"Message",Low,"Task ""ResolveFilePathTask"""
"Message",Low,"Done executing task ""ResolveFilePathTask""."
"Message",Low,"Task ""ResolveFilePathTask"""
"Message",Low,"Done executing task ""ResolveFilePathTask""."
"Message",Low,"Task ""IlcErrorTask"" skipped, due to false condition; ('@(UnresolvedManagedDllFilesErrorParameters)'!='') was evaluated as (''!='')."
"Message",Low,"Task ""AssemblyClosureTask"""
"Message",Low,"Done executing task ""AssemblyClosureTask""."
"Message",Low,"Task ""ResolveFilePathTask"""
"Message",Low,"Done executing task ""ResolveFilePathTask""."
"Message",Low,"Task ""IlcErrorTask"" skipped, due to false condition; ('@(UnresolvedCoreAssemblyErrorParameters)'!='') was evaluated as (''!='')."
"Message",Low,"Task ""RemoveDuplicates"""
"Message",Low,"Done executing task ""RemoveDuplicates""."
"Message",Low,"Task ""AddToNativePackageTask"" skipped, due to false condition; ('@(NeedsClrCompression)' != '' and '$(BuildSharedAssemblies)' != 'true') was evaluated as ('' != '' and 'false' != 'true')."
"Message",Low,"Task ""MakeDir"""
"Message",Normal,"Creating directory ""C:\Users\Doniald\Desktop\ManualReference\Lane\Lane\obj\ARM\Release\ilc\intermediate\SgGenerated""."
"Message",Low,"Done executing task ""MakeDir""."
"Message",Low,"Using ""WriteLinesToFile"" task from assembly ""Microsoft.Build.Tasks.v4.0, Version=4.0.0.0, Culture=neutral, PublicKeyToken=b03f5f7f11d50a3a""."
"Message",Low,"Task ""WriteLinesToFile"""
"Message",Low,"Done executing task ""WriteLinesToFile""."
"Message",Low,"Task ""MakeDir"""
"Message",Normal,"Creating directory ""C:\Users\Doniald\Desktop\ManualReference\Lane\Lane\obj\ARM\Release\ilc\intermediate\ResW\""."
"Message",Low,"Done executing task ""MakeDir""."
"Message",Low,"Task ""IlcWarningTask"" skipped, due to false condition; ('$(BuildSharedAssemblies)' != 'true' and '@(ReducerInputFiles)' == '') was evaluated as ('false' != 'true' and 'C:\Users\Doniald\Desktop\ManualReference\Lane\Lane\obj\ARM\Release\ilc\in\Properties\Default.rd.xml' == '')."
"Message",Low,"Task ""ILTransformTask"""
"Message",Normal,"Running 'Analysis' transform, heap at 10 MB."
"Message",Low,"Loading 93 modules..."
"Message",Normal,"Imported reflection directives from 16 files:"
"Message",Normal,"C:\Users\Doniald\Desktop\ManualReference\Lane\Lane\obj\ARM\Release\ilc\in\Properties\Default.rd.xml"
"Message",Normal,"Embedded manifest in System.Diagnostics.Tracing: Resources.System.Diagnostics.Tracing.rd.xml"
"Message",Normal,"Embedded manifest in System.Private.CoreLib: Resources.System.Private.CoreLib.rd.xml"
"Message",Normal,"Embedded manifest in System.Private.Uri: Resources.System.Private.Uri.rd.xml"
"Message",Normal,"Embedded manifest in System.Private.Reflection: Resources.System.Private.Reflection.rd.xml"
"Message",Normal,"Embedded manifest in System.Private.Reflection.Core: Resources.System.Private.Reflection.Core.rd.xml"
"Message",Normal,"Embedded manifest in System.Private.Interop: Resources.System.Private.Interop.rd.xml"
"Message",Normal,"Embedded manifest in System.Linq.Expressions: Resources.System.Linq.Expressions.rd.xml"
"Message",Normal,"Embedded manifest in System.Runtime.Serialization.Primitives: System.Runtime.Serialization.Primitives.Resources.System.Runtime.Serialization.Primitives.rd.xml"
"Message",Normal,"Embedded manifest in System.Private.PortableThunks: Resources.System.Private.PortableThunks.rd.xml"
"Message",Normal,"Embedded manifest in System.Dynamic.Runtime: Resources.System.Dynamic.Runtime.rd.xml"
"Message",Normal,"Embedded manifest in System.Xml.ReaderWriter: System.Xml.Resources.System.Xml.ReaderWriter.rd.xml"
"Message",Normal,"Embedded manifest in System.Xml.XDocument: System.Xml.Resources.System.Xml.XDocument.rd.xml"
"Message",Normal,"Microsoft.ApplicationInsights"
"Message",Normal,"Microsoft.WindowsAzure.Mobile"
"Message",Normal,"Newtonsoft.Json"
"Message",Normal,"Imported XAML Roots from 1 files:"
"Message",Normal,"C:\Users\Doniald\Desktop\ManualReference\Lane\Lane\obj\ARM\Release\ilc\in\Lane.xr.xml"
"Message",Normal,"Running 'Mcg' transform, heap at 172 MB."
"Message",High,"Computing application closure and generating interop code"
"Message",Normal,"  List of .lib files:"
"Message",Normal,"      WindowsApp.lib"
"Message",Normal,"  List of .lib search paths:"
"Message",Normal,"      C:\Program Files (x86)\Windows Kits\10\lib\10.0.10240.0\um\arm"
"Message",Normal,"  Loading exports from libs..."
"Message",Normal,"      2356 exports read from 'C:\Program Files (x86)\Windows Kits\10\lib\10.0.10240.0\um\arm\WindowsApp.lib'."
"Message",Normal,"  Loading 93 modules..."
"Message",Normal,"  Generating code..."
"Message",Normal,"      Resolving P/invokes..."
"Message",Normal,"          P/Invoke 'sqlite3_open' resolved to sqlite3!sqlite3_open"
"Message",Normal,"          P/Invoke 'sqlite3_open_v2' resolved to sqlite3!sqlite3_open_v2"
"Message",Normal,"          P/Invoke 'sqlite3_open_v2' resolved to sqlite3!sqlite3_open_v2"
"Message",Normal,"          P/Invoke 'sqlite3_open16' resolved to sqlite3!sqlite3_open16"
"Message",Normal,"          P/Invoke 'sqlite3_close' resolved to sqlite3!sqlite3_close"
"Message",Normal,"          P/Invoke 'sqlite3_config' resolved to sqlite3!sqlite3_config"
"Message",Normal,"          P/Invoke 'sqlite3_win32_set_directory' resolved to sqlite3!sqlite3_win32_set_directory"
"Message",Normal,"          P/Invoke 'sqlite3_busy_timeout' resolved to sqlite3!sqlite3_busy_timeout"
"Message",Normal,"          P/Invoke 'sqlite3_changes' resolved to sqlite3!sqlite3_changes"
"Message",Normal,"          P/Invoke 'sqlite3_prepare_v2' resolved to sqlite3!sqlite3_prepare_v2"
"Message",Normal,"          P/Invoke 'sqlite3_step' resolved to sqlite3!sqlite3_step"
"Message",Normal,"          P/Invoke 'sqlite3_reset' resolved to sqlite3!sqlite3_reset"
"Message",Normal,"          P/Invoke 'sqlite3_finalize' resolved to sqlite3!sqlite3_finalize"
"Message",Normal,"          P/Invoke 'sqlite3_last_insert_rowid' resolved to sqlite3!sqlite3_last_insert_rowid"
"Message",Normal,"          P/Invoke 'sqlite3_errmsg16' resolved to sqlite3!sqlite3_errmsg16"
"Message",Normal,"          P/Invoke 'sqlite3_bind_parameter_index' resolved to sqlite3!sqlite3_bind_parameter_index"
"Message",Normal,"          P/Invoke 'sqlite3_bind_null' resolved to sqlite3!sqlite3_bind_null"
"Message",Normal,"          P/Invoke 'sqlite3_bind_int' resolved to sqlite3!sqlite3_bind_int"
"Message",Normal,"          P/Invoke 'sqlite3_bind_int64' resolved to sqlite3!sqlite3_bind_int64"
"Message",Normal,"          P/Invoke 'sqlite3_bind_double' resolved to sqlite3!sqlite3_bind_double"
"Message",Normal,"          P/Invoke 'sqlite3_bind_text16' resolved to sqlite3!sqlite3_bind_text16"
"Message",Normal,"          P/Invoke 'sqlite3_bind_blob' resolved to sqlite3!sqlite3_bind_blob"
"Message",Normal,"          P/Invoke 'sqlite3_column_count' resolved to sqlite3!sqlite3_column_count"
"Message",Normal,"          P/Invoke 'sqlite3_column_name' resolved to sqlite3!sqlite3_column_name"
"Message",Normal,"          P/Invoke 'sqlite3_column_name16' resolved to sqlite3!sqlite3_column_name16"
"Message",Normal,"          P/Invoke 'sqlite3_column_type' resolved to sqlite3!sqlite3_column_type"
"Message",Normal,"          P/Invoke 'sqlite3_column_int' resolved to sqlite3!sqlite3_column_int"
"Message",Normal,"          P/Invoke 'sqlite3_column_int64' resolved to sqlite3!sqlite3_column_int64"
"Message",Normal,"          P/Invoke 'sqlite3_column_double' resolved to sqlite3!sqlite3_column_double"
"Message",Normal,"          P/Invoke 'sqlite3_column_text' resolved to sqlite3!sqlite3_column_text"
"Message",Normal,"          P/Invoke 'sqlite3_column_text16' resolved to sqlite3!sqlite3_column_text16"
"Message",Normal,"          P/Invoke 'sqlite3_column_blob' resolved to sqlite3!sqlite3_column_blob"
"Message",Normal,"          P/Invoke 'sqlite3_column_bytes' resolved to sqlite3!sqlite3_column_bytes"
"Message",Normal,"          P/Invoke 'sqlite3_extended_errcode' resolved to sqlite3!sqlite3_extended_errcode"
"Message",Normal,"          P/Invoke 'sqlite3_libversion_number' resolved to sqlite3!sqlite3_libversion_number"
"Message",Normal,"          P/Invoke 'sqlite3_sourceid' resolved to sqlite3!sqlite3_sourceid"
"Message",Normal,"          P/Invoke 'sqlite3_backup_init' resolved to sqlite3!sqlite3_backup_init"
"Message",Normal,"          P/Invoke 'sqlite3_backup_step' resolved to sqlite3!sqlite3_backup_step"
"Message",Normal,"          P/Invoke 'sqlite3_backup_finish' resolved to sqlite3!sqlite3_backup_finish"
"Message",Normal,"          P/Invoke 'sqlite3_backup_remaining' resolved to sqlite3!sqlite3_backup_remaining"
"Message",Normal,"          P/Invoke 'sqlite3_backup_pagecount' resolved to sqlite3!sqlite3_backup_pagecount"
"Message",Normal,"          P/Invoke 'sqlite3_sleep' resolved to sqlite3!sqlite3_sleep"
"Message",Normal,"          P/Invoke 'RhWaitForPendingFinalizers' could not be resolved but ExactSpelling specified , defaulting to [MRT]!RhWaitForPendingFinalizers"
"Message",Normal,"          P/Invoke 'RhCompatibleReentrantWaitAny' could not be resolved but ExactSpelling specified , defaulting to [MRT]!RhCompatibleReentrantWaitAny"
"Message",Normal,"          P/Invoke '_ecvt_s' could not be resolved but ExactSpelling specified , defaulting to [MRT]!_ecvt_s"
"Message",Normal,"          P/Invoke 'memmove' could not be resolved but ExactSpelling specified , defaulting to [MRT]!memmove"
"Message",Normal,"          P/Invoke 'GetLastError' resolved to api-ms-win-core-errorhandling-l1-1-1.dll!GetLastError"
"Message",Normal,"          P/Invoke 'SetLastError' resolved to api-ms-win-core-errorhandling-l1-1-1.dll!SetLastError"
"Message",Normal,"          P/Invoke 'GetLastError' resolved to api-ms-win-core-errorhandling-l1-1-1.dll!GetLastError"
"Message",Normal,"          P/Invoke 'NormalizeString' resolved to api-ms-win-core-normalization-l1-1-0.dll!NormalizeString"
"Message",Normal,"          P/Invoke 'RoInitialize' resolved to api-ms-win-core-winrt-l1-1-0.dll!RoInitialize"
"Message",Normal,"          P/Invoke 'GetCurrentThreadId' resolved to api-ms-win-core-processthreads-l1-1-2.dll!GetCurrentThreadId"
"Message",Normal,"          P/Invoke 'GetCurrentProcessId' resolved to api-ms-win-core-processthreads-l1-1-2.dll!GetCurrentProcessId"
"Message",Normal,"          P/Invoke 'EventWriteTransfer' resolved to api-ms-win-eventing-provider-l1-1-0.dll!EventWriteTransfer"
"Message",Normal,"          P/Invoke 'EventSetInformation' resolved to api-ms-win-eventing-provider-l1-1-0.dll!EventSetInformation"
"Message",Normal,"          P/Invoke 'EventRegister' resolved to api-ms-win-eventing-provider-l1-1-0.dll!EventRegister"
"Message",Normal,"          P/Invoke 'EventUnregister' resolved to api-ms-win-eventing-provider-l1-1-0.dll!EventUnregister"
"Message",Normal,"          P/Invoke 'IsValidLocaleName' resolved to api-ms-win-core-localization-l1-2-1.dll!IsValidLocaleName"
"Message",Normal,"          P/Invoke 'ResolveLocaleName' resolved to api-ms-win-core-localization-l1-2-1.dll!ResolveLocaleName"
"Message",Normal,"          P/Invoke 'FormatMessage' resolved to api-ms-win-core-localization-l1-2-1.dll!FormatMessageA"
"Message",Normal,"          P/Invoke 'GetCPInfoExW' resolved to api-ms-win-core-localization-l1-2-1.dll!GetCPInfoExW"
"Message",Normal,"          P/Invoke 'IdnToAscii' resolved to api-ms-win-core-localization-l1-2-1.dll!IdnToAscii"
"Message",Normal,"          P/Invoke 'IdnToUnicode' resolved to api-ms-win-core-localization-l1-2-1.dll!IdnToUnicode"
"Message",Normal,"          P/Invoke 'FindNLSStringEx' resolved to api-ms-win-core-localization-l1-2-1.dll!FindNLSStringEx"
"Message",Normal,"          P/Invoke 'FormatMessageW' resolved to api-ms-win-core-localization-l1-2-1.dll!FormatMessageW"
"Message",Normal,"          P/Invoke 'GetCommandLineW' resolved to api-ms-win-core-processenvironment-l1-2-0.dll!GetCommandLineW"
"Message",Normal,"          P/Invoke 'RaiseFailFastException' resolved to api-ms-win-core-errorhandling-l1-1-3.dll!RaiseFailFastException"
"Message",Normal,"          P/Invoke 'QueryPerformanceFrequency' resolved to api-ms-win-core-profile-l1-1-0.dll!QueryPerformanceFrequency"
"Message",Normal,"          P/Invoke 'QueryPerformanceCounter' resolved to api-ms-win-core-profile-l1-1-0.dll!QueryPerformanceCounter"
"Message",Normal,"          P/Invoke 'CallingConventionConverter_GetStubs' could not be resolved but ExactSpelling specified , defaulting to *!CallingConventionConverter_GetStubs"
"Message",Normal,"          P/Invoke 'CallingConventionConverter_SpecifyCommonStubData' could not be resolved but ExactSpelling specified , defaulting to *!CallingConventionConverter_SpecifyCommonStubData"
"Message",Normal,"          P/Invoke 'ConstrainedCallSupport_GetStubs' could not be resolved but ExactSpelling specified , defaulting to *!ConstrainedCallSupport_GetStubs"
"Message",Normal,"          P/Invoke 'GetNativeSystemInfo' resolved to api-ms-win-core-sysinfo-l1-2-1.dll!GetNativeSystemInfo"
"Message",Normal,"          P/Invoke 'VirtualQuery' resolved to api-ms-win-core-memory-l1-1-2.dll!VirtualQuery"
"Message",Normal,"          P/Invoke 'CompareStringEx' resolved to api-ms-win-core-string-l1-1-0.dll!CompareStringEx"
"Message",Normal,"          P/Invoke 'CompareStringOrdinal' resolved to api-ms-win-core-string-l1-1-0.dll!CompareStringOrdinal"
"Message",Normal,"          P/Invoke 'FindStringOrdinal' resolved to api-ms-win-core-libraryloader-l1-2-0.dll!FindStringOrdinal"
"Message",Normal,"          P/Invoke 'deflateInit2_' resolved to clrcompression.dll!deflateInit2_"
"Message",Normal,"          P/Invoke 'deflateEnd' resolved to clrcompression.dll!deflateEnd"
"Message",Normal,"          P/Invoke 'inflateEnd' resolved to clrcompression.dll!inflateEnd"
"Message",Normal,"          P/Invoke 'deflate' resolved to clrcompression.dll!deflate"
"Message",Normal,"          P/Invoke 'CoCreateInstance' could not be resolved but ExactSpelling specified , defaulting to api-ms-win-core-com-l1-1-0.dll!CoCreateInstance"
"Message",Normal,"          P/Invoke 'QueryUnbiasedInterruptTime' resolved to api-ms-win-core-realtime-l1-1-0.dll!QueryUnbiasedInterruptTime"
"Message",Normal,"          P/Invoke 'SysFreeString' resolved to oleaut32.dll!#6"
"Message",Normal,"          P/Invoke 'GetLongPathNameW' resolved to api-ms-win-core-file-l1-2-1.dll!GetLongPathNameW"
"Message",Normal,"          P/Invoke 'GetLongPathNameW' resolved to api-ms-win-core-file-l1-2-1.dll!GetLongPathNameW"
"Message",Normal,"          P/Invoke 'GetFullPathNameW' resolved to api-ms-win-core-file-l1-2-1.dll!GetFullPathNameW"
"Message",Normal,"          P/Invoke 'GetFullPathNameW' resolved to api-ms-win-core-file-l1-2-1.dll!GetFullPathNameW"
"Message",Normal,"          P/Invoke 'RoGetBufferMarshaler' resolved to api-ms-win-core-winrt-robuffer-l1-1-0.dll!RoGetBufferMarshaler"
"Message",Normal,"  Interop code generated."
"Message",Normal,"  Written code to AssemblyInfo.g.cs"
"Message",Normal,"  Written code to Adapters.g.cs"
"Message",Normal,"  Written code to Data.g.cs"
"Message",Normal,"  Written code to Helpers.g.cs"
"Message",Normal,"  Written code to ImplTypes.g.cs"
"Message",Normal,"  Written code to PInvoke.g.cs"
"Message",Normal,"  Written code to SafeTypes.g.cs"
"Message",Normal,"  Written code to SharedStubs.g.cs"
"Message",Normal,"  Written code to Lane.ITFProxy.g.cs"
"Message",Normal,"Running 'CompileMcgSourceAndSerializationAssemblyGenerator' transform, heap at 234 MB."
"Message",High,"Generating serialization code"
"Message",High,"Compiling interop code"
"Message",Low,"Compiling MCG output with arguments:  /debug:""pdbonly"" /nowarn:""0436;0618;1668;1685;1701;1702"" /debug+ /nostdlib+ /optimize+ /out:""C:\Users\Doniald\Desktop\ManualReference\Lane\Lane\obj\ARM\Release\ilc\intermediate\Lane.Interop.dll"" /pdb:""C:\Users\Doniald\Desktop\ManualReference\Lane\Lane\obj\ARM\Release\ilc\intermediate\Lane.Interop.pdb"" /platform:""arm"" /warnaserror+ /unsafe /noconfig /nologo /target:library /define:""WIN32"" /define:""ARM"" /define:""MCG_PRE_BUILD"" /r:""C:\Program Files (x86)\MSBuild\Microsoft\.NetNative\ARM\ilc\lib\Private\System.Private.Corelib.dll"" /r:""C:\Program Files (x86)\MSBuild\Microsoft\.NetNative\ARM\ilc\lib\Private\System.Private.Corelib.InteropServices.dll"" /r:""C:\Program Files (x86)\MSBuild\Microsoft\.NetNative\ARM\ilc\lib\Private\System.Private.Interop.dll"" /r:""C:\Users\Doniald\Desktop\ManualReference\Lane\Lane\obj\ARM\Release\ilc\in\System.Private.Uri.dll"" /r:""C:\Program Files (x86)\MSBuild\Microsoft\.NetNative\ARM\ilc\lib\Private\System.Private.CompilerServices.ICastable.dll"" /r:""C:\Program Files (x86)\MSBuild\Microsoft\.NetNative\ARM\ilc\lib\Private\System.Private.Reflection.dll"" /r:""C:\Program Files (x86)\MSBuild\Microsoft\.NetNative\ARM\ilc\lib\Private\System.Private.DispatchProxy.dll"" /r:""C:\Users\Doniald\Desktop\ManualReference\Lane\Lane\obj\ARM\Release\ilc\in\System.Reflection.DispatchProxy.dll"" /r:""C:\Users\Doniald\Desktop\ManualReference\Lane\Lane\obj\ARM\Release\ilc\in\System.Reflection.dll"" /r:""C:\Users\Doniald\Desktop\ManualReference\Lane\Lane\obj\ARM\Release\ilc\in\System.Runtime.dll"" /r:""C:\Users\Doniald\Desktop\ManualReference\Lane\Lane\obj\ARM\Release\ilc\in\System.Runtime.InteropServices.dll"" /r:""C:\Users\Doniald\Desktop\ManualReference\Lane\Lane\obj\ARM\Release\ilc\in\System.Runtime.InteropServices.WindowsRuntime.dll"" /r:""C:\Users\Doniald\Desktop\ManualReference\Lane\Lane\obj\ARM\Release\ilc\in\System.Numerics.Vectors.dll"" /r:""C:\Users\Doniald\Desktop\ManualReference\Lane\Lane\obj\ARM\Release\ilc\in\System.Threading.dll"" /r:""C:\Users\Doniald\Desktop\ManualReference\Lane\Lane\obj\ARM\Release\ilc\in\System.Diagnostics.Debug.dll"" /r:""C:\Users\Doniald\Desktop\ManualReference\Lane\Lane\obj\ARM\Release\ilc\in\System.Runtime.Handles.dll"" /r:""C:\Users\Doniald\Desktop\ManualReference\Lane\Lane\obj\ARM\Release\ilc\in\System.Dynamic.Runtime.dll"" /r:""C:\Program Files (x86)\MSBuild\Microsoft\.NetNative\ARM\ilc\lib\Private\System.Private.CoreLib.Augments.dll"" /r:""C:\Users\Doniald\Desktop\ManualReference\Lane\Lane\obj\ARM\Release\ilc\in\System.Runtime.Extensions.dll"" /r:""C:\Users\Doniald\Desktop\ManualReference\Lane\Lane\obj\ARM\Release\ilc\in\System.Collections.dll"" /r:""C:\Users\Doniald\Desktop\ManualReference\Lane\Lane\obj\ARM\Release\ilc\in\System.ObjectModel.dll"" /r:""C:\Users\Doniald\Desktop\ManualReference\Lane\Lane\obj\ARM\Release\ilc\in\System.Runtime.WindowsRuntime.dll"" /r:""C:\Users\Doniald\Desktop\ManualReference\Lane\Lane\obj\ARM\Release\ilc\in\System.Runtime.WindowsRuntime.UI.Xaml.dll"" ""C:\Users\Doniald\Desktop\ManualReference\Lane\Lane\obj\ARM\Release\ilc\intermediate\Lane.ITFProxy.g.cs"" ""C:\Users\Doniald\Desktop\ManualReference\Lane\Lane\obj\ARM\Release\ilc\intermediate\Lane.Interop\Adapters.g.cs"" ""C:\Users\Doniald\Desktop\ManualReference\Lane\Lane\obj\ARM\Release\ilc\intermediate\Lane.Interop\AssemblyInfo.g.cs"" ""C:\Users\Doniald\Desktop\ManualReference\Lane\Lane\obj\ARM\Release\ilc\intermediate\Lane.Interop\Data.g.cs"" ""C:\Users\Doniald\Desktop\ManualReference\Lane\Lane\obj\ARM\Release\ilc\intermediate\Lane.Interop\Helpers.g.cs"" ""C:\Users\Doniald\Desktop\ManualReference\Lane\Lane\obj\ARM\Release\ilc\intermediate\Lane.Interop\ImplTypes.g.cs"" ""C:\Users\Doniald\Desktop\ManualReference\Lane\Lane\obj\ARM\Release\ilc\intermediate\Lane.Interop\PInvoke.g.cs"" ""C:\Users\Doniald\Desktop\ManualReference\Lane\Lane\obj\ARM\Release\ilc\intermediate\Lane.Interop\SafeTypes.g.cs"" ""C:\Users\Doniald\Desktop\ManualReference\Lane\Lane\obj\ARM\Release\ilc\intermediate\Lane.Interop\SharedStubs.g.cs"""
"Message",Normal,"Running 'DumpNativeResources' transform, heap at 235 MB."
"Message",Normal,"Running 'ReducedCopyInitialize' transform, heap at 235 MB."
"Message",Normal,"Running 'ReducedCopyEmptyTypes' transform, heap at 262 MB."
"Message",Normal,"Running 'ReducedCopyPopulateTypes' transform, heap at 197 MB."
"Message",Normal,"Running 'ReducedCopyLateMetadata' transform, heap at 247 MB."
"Message",Normal,"Running 'ReducedCopyMethodBodies' transform, heap at 258 MB."
"Message",Normal,"Running 'ReducedCopyComplete' transform, heap at 296 MB."
"Message",Normal,"Running 'ReducedCopyCleanup' transform, heap at 316 MB."
"Message",Normal,"Running 'DeveloperExperienceModeOnlyCodeRemover' transform, heap at 316 MB."
"Message",Normal,"Running 'ComImportDetector' transform, heap at 317 MB."
"Message",Normal,"Running 'McgAccessor' transform, heap at 317 MB."
"Message",Normal,"Running 'McgRedirect' transform, heap at 319 MB."
"Message",Normal,"Running 'McgRedirect' transform, heap at 322 MB."
"Message",Normal,"Running 'McgTypeOf' transform, heap at 324 MB."
"Message",Normal,"Running 'ExceptionMiniaturizer' transform, heap at 333 MB."
"Message",Normal,"Running 'EventSource' transform, heap at 320 MB."
"Message",Normal,"Running 'ValueType' transform, heap at 321 MB."
"Message",Normal,"Running 'Attribute' transform, heap at 324 MB."
"Message",Normal,"Running 'GetType' transform, heap at 325 MB."
"Message",Normal,"Running 'McgFixups' transform, heap at 327 MB."
"Message",Normal,"Running 'ResourceManagerCtor' transform, heap at 329 MB."
"Message",Normal,"Running 'TypeofTypeHandle' transform, heap at 329 MB."
"Message",Normal,"Running 'DispatchProxyIntrinsics' transform, heap at 338 MB."
"Message",Normal,"Running 'StaticInitData' transform, heap at 338 MB."
"Message",Normal,"Running 'StartupCodeInjector' transform, heap at 321 MB."
"Message",Normal,"Running 'InjectAppContextSwitches' transform, heap at 321 MB."
"Message",Normal,"Running 'ImplementLibraryDynamicInvokeHelpers' transform, heap at 321 MB."
"Message",Normal,"Running 'Delegate' transform, heap at 321 MB."
"Message",Normal,"Running 'DelegateCtorCall' transform, heap at 339 MB."
"Message",Normal,"Running 'LazyGenerics' transform, heap at 342 MB."
"Message",Normal,"Running 'AddReflectionBlockedAttributes' transform, heap at 355 MB."
"Message",Normal,"Running 'DisableOptimization' transform, heap at 356 MB."
"Message",Normal,"Running 'CreateMetadata' transform, heap at 356 MB."
"Message",Normal,"Running 'SynchronizedMethod' transform, heap at 351 MB."
"Message",Normal,"Running 'ReflectionInvoke' transform, heap at 351 MB."
"Message",Normal,"Running 'ScrubOpenCalls' transform, heap at 355 MB."
"Message",Normal,"Running 'Calli' transform, heap at 355 MB."
"Message",Normal,"Running 'ConvertCatchIntoFilter' transform, heap at 368 MB."
"Message",Normal,"Running 'ReflectionMappingInfoEmit' transform, heap at 369 MB."
"Message",Normal,"Running 'ConvertManagedWinMD' transform, heap at 373 MB."
"Message",Normal,"Running 'Reducer' transform, heap at 373 MB."
"Message",High,"Cleaning up unreferenced code"
"Message",Normal,"Running 'WriteAssemblies' transform, heap at 412 MB."
"Message",Normal,""
"Message",Normal,"Transform summary"
"Message",Normal,"   ms | heap delta | name"
"Message",Normal," 33937 |        162 | Analysis"
"Message",Normal,"  7305 |          1 | CompileMcgSourceAndSerializationAssemblyGenerator"
"Message",Normal,"  6630 |         39 | Reducer"
"Message",Normal,"  6128 |         81 | WriteAssemblies"
"Message",Normal,"  5295 |         62 | Mcg"
"Message",Normal,"  2224 |         -5 | CreateMetadata"
"Message",Normal,"  1363 |         50 | ReducedCopyPopulateTypes"
"Message",Normal,"  1342 |         38 | ReducedCopyMethodBodies"
"Message",Normal,"  1189 |         13 | LazyGenerics"
"Message",Normal,"  1174 |        -65 | ReducedCopyEmptyTypes"
"Message",Normal,"   809 |        -13 | ExceptionMiniaturizer"
"Message",Normal,"   737 |        -17 | StaticInitData"
"Message",Normal,"   713 |         11 | ReducedCopyLateMetadata"
"Message",Normal,"   644 |         20 | ReducedCopyComplete"
"Message",Normal,"   390 |         27 | ReducedCopyInitialize"
"Message",Normal,"   359 |          9 | McgTypeOf"
"Message",Normal,"   340 |          3 | McgRedirect"
"Message",Normal,"   272 |          9 | TypeofTypeHandle"
"Message",Normal,"   261 |          2 | McgRedirect"
"Message",Normal,"   249 |         13 | Calli"
"Message",Normal,"   233 |          0 | DumpNativeResources"
"Message",Normal,"   148 |          3 | DelegateCtorCall"
"Message",Normal,"   131 |         18 | Delegate"
"Message",Normal,"    94 |          1 | EventSource"
"Message",Normal,"    94 |          2 | McgFixups"
"Message",Normal,"    84 |          2 | GetType"
"Message",Normal,"    61 |          0 | SynchronizedMethod"
"Message",Normal,"    36 |          0 | ScrubOpenCalls"
"Message",Normal,"    36 |          0 | DispatchProxyIntrinsics"
"Message",Normal,"    34 |          0 | StartupCodeInjector"
"Message",Normal,"    30 |          2 | McgAccessor"
"Message",Normal,"    29 |          4 | ReflectionInvoke"
"Message",Normal,"    24 |          3 | ValueType"
"Message",Normal,"    17 |          4 | ReflectionMappingInfoEmit"
"Message",Normal,"    15 |          1 | ConvertCatchIntoFilter"
"Message",Normal,"    10 |          1 | Attribute"
"Message",Normal,"     6 |          1 | DeveloperExperienceModeOnlyCodeRemover"
"Message",Normal,"     3 |          1 | AddReflectionBlockedAttributes"
"Message",Normal,"     2 |          0 | ResourceManagerCtor"
"Message",Normal,"     0 |          0 | ReducedCopyCleanup"
"Message",Normal,"     0 |          0 | DisableOptimization"
"Message",Normal,"     0 |          0 | ConvertManagedWinMD"
"Message",Normal,"     0 |          0 | ComImportDetector"
"Message",Normal,"     0 |          0 | ImplementLibraryDynamicInvokeHelpers"
"Message",Normal,"     0 |          0 | InjectAppContextSwitches"
"Message",Low,"Done executing task ""ILTransformTask""."
"Message",Low,"Task ""WriteLinesToFile"" skipped, due to false condition; ('$(BuildSharedAssemblies)' == 'true') was evaluated as ('false' == 'true')."
"Message",Low,"Done building target ""RunILTransforms"" in project ""Unnamed_1""."
"Message",Low,"Target ""CheckSharedAssemblyClosure"" skipped, due to false condition; ('$(BuildSharedAssemblies)' == 'true') was evaluated as ('false' == 'true')."
"Message",Low,"Target ""MergePgoCounts"" skipped, due to false condition; ('$(Pgu)'=='true' and '$(MultiPhasePgd)'!='true') was evaluated as ('false'=='true' and 'false'!='true')."
"Message",Low,"Target ""GenerateMDILResponseFileSingleFile"" in file ""C:\Program Files (x86)\MSBuild\Microsoft\.NetNative\ARM\ilc\IlcInternals.targets"" from project ""C:\Users\Doniald\Desktop\ManualReference\Lane\Lane\Unnamed_1"" (target ""GenerateMDILSingleFile"" depends on it):"
"Message",Low,"Building target ""GenerateMDILResponseFileSingleFile"" completely."
"Message",Low,"Output file ""C:\Users\Doniald\Desktop\ManualReference\Lane\Lane\obj\ARM\Release\ilc\intermediate\nutcargs.rsp"" does not exist."
"Message",Low,"Task ""IlcMessageTask"""
"Message",High,"Generating native code"
"Message",Low,"Done executing task ""IlcMessageTask""."
"Message",Low,"Task ""MakeDir"""
"Message",Normal,"Creating directory ""C:\Users\Doniald\Desktop\ManualReference\Lane\Lane\obj\ARM\Release\ilc\intermediate\MDIL\""."
"Message",Low,"Done executing task ""MakeDir""."
"Message",Low,"Task ""WriteLinesToFile"""
"Message",Low,"Done executing task ""WriteLinesToFile""."
"Message",Low,"Done building target ""GenerateMDILResponseFileSingleFile"" in project ""Unnamed_1""."
"Message",Low,"Target ""GenerateMDILSingleFile"" in file ""C:\Program Files (x86)\MSBuild\Microsoft\.NetNative\ARM\ilc\IlcInternals.targets"" from project ""C:\Users\Doniald\Desktop\ManualReference\Lane\Lane\Unnamed_1"" (target ""GenerateMDIL"" depends on it):"
"Message",Low,"Building target ""GenerateMDILSingleFile"" completely."
"Message",Low,"Output file ""C:\Users\Doniald\Desktop\ManualReference\Lane\Lane\obj\ARM\Release\ilc\intermediate\MDIL\Lane.mdilexe"" does not exist."
"Message",Low,"Using ""StartProcessTask"" task from assembly ""Microsoft.Build.ILTasks""."
"Message",Low,"Task ""StartProcessTask"""
"Message",Normal,"Launching 'C:\Program Files (x86)\MSBuild\Microsoft\.NetNative\ARM\ilc\Tools\nutc_driver.exe @""C:\Users\Doniald\Desktop\ManualReference\Lane\Lane\obj\ARM\Release\ilc\intermediate\nutcargs.rsp""'"
"Message",Low,"Microsoft (R) MDIL Compiler - Version 1.0.23309.00"
"Message",Low,"Copyright (c) Microsoft Corporation.  All rights reserved."
"Message",Low,"Scanning input types"
"Message",Low,"Scanning 13248 methods."
"Message",Low,"Scanning 6369 methods."
"Message",Low,"Scanning 4681 methods."
"Message",Low,"Scanning 3413 methods."
"Message",Low,"Scanning 5056 methods."
"Message",Low,"Scanning 4029 methods."
"Message",Low,"Scanning 3141 methods."
"Message",Low,"Scanning 2304 methods."
"Message",Low,"Scanning 1730 methods."
"Message",Low,"Scanning 1144 methods."
"Message",Low,"Scanning 738 methods."
"Message",Low,"Scanning 413 methods."
"Message",Low,"Scanning 173 methods."
"Message",Low,"Scanning 94 methods."
"Message",Low,"Scanning 32 methods."
"Message",Low,"Scanning 50 methods."
"Message",Low,"Scanning 28 methods."
"Message",Low,"Scanning 10 methods."
"Message",Low,"Eager code generation"
"Message",Low,"Compiling 46653 methods."
"Message",Low,"Deferred code generation"
"Message",Low,"Successfully generated 'C:\Users\Doniald\Desktop\ManualReference\Lane\Lane\obj\ARM\Release\ilc\intermediate\MDIL\Lane.mdilexe'"
"Message",Low,"Successfully generated 'C:\Users\Doniald\Desktop\ManualReference\Lane\Lane\obj\ARM\Release\ilc\intermediate\MDIL\Lane.mdilpdb'"
"Message",Normal,"'C:\Program Files (x86)\MSBuild\Microsoft\.NetNative\ARM\ilc\Tools\nutc_driver.exe @""C:\Users\Doniald\Desktop\ManualReference\Lane\Lane\obj\ARM\Release\ilc\intermediate\nutcargs.rsp""' completed."
"Message",Normal,"Process execution statistics (all times in milliseconds)"
"Message",Normal,"-----------------------------------------------------------------------------"
"Message",Normal,"launch  |  start   |   stop   |   end    | duration | lifetime | [slot] name"
"Message",Normal,"-----------------------------------------------------------------------------"
"Message",Normal,"       0 |       78 |   129797 |   129797 |   129719 |   129797 | [0] Nutc SingleFile"
"Message",Normal,"Number of commands:      1"
"Message",Normal,"Total system time:       129797 ms"
"Message",Normal,"System time per command: 129797 ms"
"Message",Normal,"Total duration:          129719 ms"
"Message",Normal,"Total lifetime:          129797 ms"
"Message",Normal,"Requested DOP:           2"
"Message",Normal,"Duration DOP:            1,0"
"Message",Normal,"Lifetime DOP:            1,0"
"Message",Low,"Done executing task ""StartProcessTask""."
"Message",Low,"Done building target ""GenerateMDILSingleFile"" in project ""Unnamed_1""."
"Message",Low,"Target ""GenerateMDIL"" in file ""C:\Program Files (x86)\MSBuild\Microsoft\.NetNative\ARM\ilc\IlcInternals.targets"" from project ""C:\Users\Doniald\Desktop\ManualReference\Lane\Lane\Unnamed_1"" (target ""MDILBindPrepare"" depends on it):"
"Message",Normal,"Skipping target ""GenerateMDIL"" because all output files are up-to-date with respect to the input files."
"Message",Low,"Input files: C:\Users\Doniald\Desktop\ManualReference\Lane\Lane\obj\ARM\Release\ilc\intermediate\nutcargs.rsp"
"Message",Low,"Output files: C:\Users\Doniald\Desktop\ManualReference\Lane\Lane\obj\ARM\Release\ilc\intermediate\MDIL\Lane.mdilexe;C:\Users\Doniald\Desktop\ManualReference\Lane\Lane\obj\ARM\Release\ilc\intermediate\MDIL\Lane.mdilpdb"
"Message",Low,"Done building target ""GenerateMDIL"" in project ""Unnamed_1""."
"Message",Low,"Target ""GenerateBuildInfo"" in file ""C:\Program Files (x86)\MSBuild\Microsoft\.NetNative\ARM\ilc\IlcInternals.targets"" from project ""C:\Users\Doniald\Desktop\ManualReference\Lane\Lane\Unnamed_1"" (target ""MDILBindPrepare"" depends on it):"
"Message",Low,"Building target ""GenerateBuildInfo"" completely."
"Message",Low,"Output file ""C:\Users\Doniald\Desktop\ManualReference\Lane\Lane\obj\ARM\Release\ilc\intermediate\Native.res"" does not exist."
"Message",Low,"Task ""StartProcessTask"""
"Message",Normal,"Launching 'C:\Program Files (x86)\Windows Kits\10\bin\x86\rc.exe /c 65001 /r /fo ""C:\Users\Doniald\Desktop\ManualReference\Lane\Lane\obj\ARM\Release\ilc\intermediate\BuildInfo\BuildInfo.res"" ""C:\Users\Doniald\Desktop\ManualReference\Lane\Lane\obj\ARM\Release\ilc\intermediate\BuildInfo\BuildInfo.rc""'"
"Message",Low,"Microsoft (R) Windows (R) Resource Compiler Version 10.0.10011.16384"
"Message",Low,"Copyright (C) Microsoft Corporation.  All rights reserved."
"Message",Normal,"'C:\Program Files (x86)\Windows Kits\10\bin\x86\rc.exe /c 65001 /r /fo ""C:\Users\Doniald\Desktop\ManualReference\Lane\Lane\obj\ARM\Release\ilc\intermediate\BuildInfo\BuildInfo.res"" ""C:\Users\Doniald\Desktop\ManualReference\Lane\Lane\obj\ARM\Release\ilc\intermediate\BuildInfo\BuildInfo.rc""' completed."
"Message",Normal,"Process execution statistics (all times in milliseconds)"
"Message",Normal,"-----------------------------------------------------------------------------"
"Message",Normal,"launch  |  start   |   stop   |   end    | duration | lifetime | [slot] name"
"Message",Normal,"-----------------------------------------------------------------------------"
"Message",Normal,"       0 |       15 |     1390 |     1390 |     1375 |     1390 | [0] RC"
"Message",Normal,"Number of commands:      1"
"Message",Normal,"Total system time:       1390 ms"
"Message",Normal,"System time per command: 1390 ms"
"Message",Normal,"Total duration:          1375 ms"
"Message",Normal,"Total lifetime:          1390 ms"
"Message",Normal,"Requested DOP:           2"
"Message",Normal,"Duration DOP:            1,0"
"Message",Normal,"Lifetime DOP:            1,0"
"Message",Low,"Done executing task ""StartProcessTask""."
"Message",Low,"Using ""BinaryConcatenateTask"" task from assembly ""Microsoft.Build.ILTasks""."
"Message",Low,"Task ""BinaryConcatenateTask"""
"Message",Normal,"Concatenating into 'C:\Users\Doniald\Desktop\ManualReference\Lane\Lane\obj\ARM\Release\ilc\intermediate\Native.res' with alignment '4'."
"Message",Normal," Added 'C:\Users\Doniald\Desktop\ManualReference\Lane\Lane\obj\ARM\Release\ilc\intermediate\ILTransformed\Lane.res' at offset 0."
"Message",Normal," Added 'C:\Users\Doniald\Desktop\ManualReference\Lane\Lane\obj\ARM\Release\ilc\intermediate\BuildInfo\BuildInfo.res' at offset 1352."
"Message",Low,"Done executing task ""BinaryConcatenateTask""."
"Message",Low,"Done building target ""GenerateBuildInfo"" in project ""Unnamed_1""."
"Message",Low,"Target ""MDILBindPrepare"" in file ""C:\Program Files (x86)\MSBuild\Microsoft\.NetNative\ARM\ilc\IlcInternals.targets"" from project ""C:\Users\Doniald\Desktop\ManualReference\Lane\Lane\Unnamed_1"" (target ""MDILBindCreateResponseFiles"" depends on it):"
"Message",Low,"Task ""MakeDir"""
"Message",Normal,"Creating directory ""C:\Users\Doniald\Desktop\ManualReference\Lane\Lane\obj\ARM\Release\ilc\intermediate\Native\""."
"Message",Low,"Done executing task ""MakeDir""."
"Message",Low,"Task ""StartProcessTask"" skipped, due to false condition; ('$(Pgi)'=='true') was evaluated as ('false'=='true')."
"Message",Low,"Done building target ""MDILBindPrepare"" in project ""Unnamed_1""."
"Message",Low,"Target ""MDILBindCreateResponseFiles"" in file ""C:\Program Files (x86)\MSBuild\Microsoft\.NetNative\ARM\ilc\IlcInternals.targets"" from project ""C:\Users\Doniald\Desktop\ManualReference\Lane\Lane\Unnamed_1"" (target ""MDILBind"" depends on it):"
"Message",Low,"Building target ""MDILBindCreateResponseFiles"" completely."
"Message",Low,"Output file ""C:\Users\Doniald\Desktop\ManualReference\Lane\Lane\obj\ARM\Release\ilc\intermediate\rhbindargs.Lane.rsp"" does not exist."
"Message",Low,"Task ""WriteLinesToFile"""
"Message",Low,"Done executing task ""WriteLinesToFile""."
"Message",Low,"Done building target ""MDILBindCreateResponseFiles"" in project ""Unnamed_1""."
"Message",Low,"Target ""MDILBind"" in file ""C:\Program Files (x86)\MSBuild\Microsoft\.NetNative\ARM\ilc\IlcInternals.targets"" from project ""C:\Users\Doniald\Desktop\ManualReference\Lane\Lane\Unnamed_1"" (target ""CopyNativeExecutablesToOutput"" depends on it):"
"Message",Low,"Building target ""MDILBind"" completely."
"Message",Low,"Output file ""C:\Users\Doniald\Desktop\ManualReference\Lane\Lane\obj\ARM\Release\ilc\intermediate\Native\Lane.exe"" does not exist."
"Message",Low,"Task ""IlcMessageTask"""
"Message",High,"Generating fixups for native code"
"Message",Low,"Done executing task ""IlcMessageTask""."
"Message",Low,"Task ""StartProcessTask"""
"Message",Normal,"Launching 'C:\Program Files (x86)\MSBuild\Microsoft\.NetNative\ARM\ilc\Tools\rhbind.exe @""C:\Users\Doniald\Desktop\ManualReference\Lane\Lane\obj\ARM\Release\ilc\intermediate\rhbindargs.Lane.rsp""'"
"Message",Low,"OS VERSION: major: 6  minor: 2"
"Message",Low,"MDIL: C:\Users\Doniald\Desktop\ManualReference\Lane\Lane\obj\ARM\Release\ilc\intermediate\MDIL\Lane.mdilexe"
"Message",Low,"MDILPDB: C:\Users\Doniald\Desktop\ManualReference\Lane\Lane\obj\ARM\Release\ilc\intermediate\MDIL\Lane.mdilpdb"
"Message",Low,"IL: C:\Users\Doniald\Desktop\ManualReference\Lane\Lane\obj\ARM\Release\ilc\intermediate\MDIL\Lane.ilexe"
"Message",Low,"NI: C:\Users\Doniald\Desktop\ManualReference\Lane\Lane\obj\ARM\Release\ilc\intermediate\Native\Lane.dll"
"Message",Low,"SHIM: C:\Users\Doniald\Desktop\ManualReference\Lane\Lane\obj\ARM\Release\ilc\intermediate\Native\Lane.exe"
"Message",Low,"REDHAWK_RUNTIME_DLL_NAME_A=mrt100_app.dll"
"Message",Low,"pdb: C:\Users\Doniald\Desktop\ManualReference\Lane\Lane\obj\ARM\Release\ilc\intermediate\Native\Lane.pdb"
"Message",Low,"Produced C:\Users\Doniald\Desktop\ManualReference\Lane\Lane\obj\ARM\Release\ilc\intermediate\Native\Lane.dll in 12.228 seconds"
"Message",Normal,"'C:\Program Files (x86)\MSBuild\Microsoft\.NetNative\ARM\ilc\Tools\rhbind.exe @""C:\Users\Doniald\Desktop\ManualReference\Lane\Lane\obj\ARM\Release\ilc\intermediate\rhbindargs.Lane.rsp""' completed."
"Message",Normal,"Process execution statistics (all times in milliseconds)"
"Message",Normal,"-----------------------------------------------------------------------------"
"Message",Normal,"launch  |  start   |   stop   |   end    | duration | lifetime | [slot] name"
"Message",Normal,"-----------------------------------------------------------------------------"
"Message",Normal,"       0 |      500 |    14531 |    14531 |    14031 |    14531 | [0] rhbind Lane"
"Message",Normal,"Number of commands:      1"
"Message",Normal,"Total system time:       14531 ms"
"Message",Normal,"System time per command: 14531 ms"
"Message",Normal,"Total duration:          14031 ms"
"Message",Normal,"Total lifetime:          14531 ms"
"Message",Normal,"Requested DOP:           2"
"Message",Normal,"Duration DOP:            1,0"
"Message",Normal,"Lifetime DOP:            1,0"
"Message",Low,"Done executing task ""StartProcessTask""."
"Message",Low,"Task ""Move"" skipped, due to false condition; ('$(PdbPath)'!='') was evaluated as (''!='')."
"Message",Low,"Done building target ""MDILBind"" in project ""Unnamed_1""."
"Message",Low,"Target ""CopyNativeExecutablesToOutput"" in file ""C:\Program Files (x86)\MSBuild\Microsoft\.NetNative\ARM\ilc\IlcInternals.targets"" from project ""C:\Users\Doniald\Desktop\ManualReference\Lane\Lane\Unnamed_1"" (target ""Build"" depends on it):"
"Message",Low,"Using ""AddToNativePackageTask"" task from assembly ""C:\Program Files (x86)\MSBuild\Microsoft\.NetNative\ARM\ilc\ilc.exe""."
"Message",Low,"Task ""AddToNativePackageTask"""
"Message",Low,"Done executing task ""AddToNativePackageTask""."
"Message",Low,"Task ""AddToNativePackageTask"""
"Message",Low,"Done executing task ""AddToNativePackageTask""."
"Message",Low,"Task ""AddToNativePackageTask"" skipped, due to false condition; ('$(BuildSharedAssemblies)' != 'true' and '$(AllowAppLocalMrt)' == 'true') was evaluated as ('false' != 'true' and 'false' == 'true')."
"Message",Low,"Task ""AddToNativePackageTask"" skipped, due to false condition; ('$(BuildSharedAssemblies)' == 'true') was evaluated as ('false' == 'true')."
"Message",Low,"Task ""AddToNativePackageTask"" skipped, due to false condition; ('$(BuildSharedAssemblies)' == 'true') was evaluated as ('false' == 'true')."
"Message",Low,"Task ""AddToNativePackageTask"" skipped, due to false condition; ('$(BuildSharedAssemblies)' == 'true') was evaluated as ('false' == 'true')."
"Message",Low,"Task ""AddToNativePackageTask"" skipped, due to false condition; ('$(BuildSharedAssemblies)' == 'true' And '$(InternalFeatureSwitch_ILTableOfContents)' == 'true') was evaluated as ('false' == 'true' And 'true' == 'true')."
"Message",Low,"Task ""AddToNativePackageTask"" skipped, due to false condition; ('$(BuildSharedAssemblies)' == 'true' And '$(InternalFeatureSwitch_ILTableOfContents)' == 'true') was evaluated as ('false' == 'true' And 'true' == 'true')."
"Message",Low,"Task ""AddToNativePackageTask"" skipped, due to false condition; ('$(BuildSharedAssemblies)' == 'true' And '$(InternalFeatureSwitch_ILTableOfContents)' == 'true') was evaluated as ('false' == 'true' And 'true' == 'true')."
"Message",Low,"Task ""AddToNativePackageTask"" skipped, due to false condition; ('$(BuildSharedAssemblies)' == 'true' And '$(InternalFeatureSwitch_ILTableOfContents)' == 'true') was evaluated as ('false' == 'true' And 'true' == 'true')."
"Message",Low,"Task ""AddToNativePackageTask"" skipped, due to false condition; ('$(BuildSharedAssemblies)' == 'true') was evaluated as ('false' == 'true')."
"Message",Low,"Task ""AddToNativePackageTask"" skipped, due to false condition; ('$(BuildSharedAssemblies)' == 'true') was evaluated as ('false' == 'true')."
"Message",Low,"Task ""AddToNativePackageTask"" skipped, due to false condition; ('$(BuildSharedAssemblies)' == 'true') was evaluated as ('false' == 'true')."
"Message",Low,"Task ""AddToNativePackageTask"" skipped, due to false condition; ('$(Pgi)'=='true') was evaluated as ('false'=='true')."
"Message",Low,"Task ""AddToNativePackageTask"" skipped, due to false condition; ('$(BuildSharedAssemblies)' == 'true') was evaluated as ('false' == 'true')."
"Message",Low,"Task ""AddToNativePackageTask"" skipped, due to false condition; ('$(BuildSharedAssemblies)' == 'true' And '$(InternalFeatureSwitch_ILTableOfContents)' == 'true') was evaluated as ('false' == 'true' And 'true' == 'true')."
"Message",Low,"Task ""AddToNativePackageTask"" skipped, due to false condition; ('$(BuildSharedAssemblies)'=='true' and '@(SharedFrameworkReswFiles)' != '' And '$(InternalFeatureSwitch_ILTableOfContents)' == 'true') was evaluated as ('false'=='true' and '' != '' And 'true' == 'true')."
"Message",Low,"Task ""AddToNativePackageTask"" skipped, due to false condition; ('$(UseFrameworkPackage)' != 'true' and '@(InputSharedLibrariesToCopy)' != '') was evaluated as ('False' != 'true' and '' != '')."
"Message",Low,"Done building target ""CopyNativeExecutablesToOutput"" in project ""Unnamed_1""."
"Message",Low,"Target ""CopyExtractedResourcesToOutput"" in file ""C:\Program Files (x86)\MSBuild\Microsoft\.NetNative\ARM\ilc\IlcInternals.targets"" from project ""C:\Users\Doniald\Desktop\ManualReference\Lane\Lane\Unnamed_1"" (target ""Build"" depends on it):"
"Message",Low,"Task ""AddToNativePackageTask"""
"Message",Low,"Done executing task ""AddToNativePackageTask""."
"Message",Low,"Task ""AddToNativePackageTask"""
"Message",Low,"Done executing task ""AddToNativePackageTask""."
"Message",Low,"Done building target ""CopyExtractedResourcesToOutput"" in project ""Unnamed_1""."
"Message",Low,"Target ""TransformAppxManifestAndAddCrt"" in file ""C:\Program Files (x86)\MSBuild\Microsoft\.NetNative\ARM\ilc\IlcInternals.targets"" from project ""C:\Users\Doniald\Desktop\ManualReference\Lane\Lane\Unnamed_1"" (target ""Build"" depends on it):"
"Message",Low,"Using ""TransformAppxManifestTask"" task from assembly ""C:\Program Files (x86)\MSBuild\Microsoft\.NetNative\ARM\ilc\ilc.exe""."
"Message",Low,"Task ""TransformAppxManifestTask"""
"Message",Low,"Done executing task ""TransformAppxManifestTask""."
"Message",Low,"Task ""AddToNativePackageTask"""
"Message",Low,"Done executing task ""AddToNativePackageTask""."
"Message",Low,"Task ""AddToNativePackageTask"" skipped, due to false condition; ($(AddCrt)) was evaluated as (false)."
"Message",Low,"Task ""AddToNativePackageTask"" skipped, due to false condition; ($(AddWin8Adapters)) was evaluated as (false)."
"Message",Low,"Task ""AddToNativePackageTask"" skipped, due to false condition; ($(AddWin8Adapters)) was evaluated as (false)."
"Message",Low,"Task ""AddToNativePackageTask"" skipped, due to false condition; ($(AddWin8Adapters)) was evaluated as (false)."
"Message",Low,"Task ""AddToNativePackageTask"" skipped, due to false condition; ($(AddWin8Adapters)) was evaluated as (false)."
"Message",Low,"Task ""AddToNativePackageTask"" skipped, due to false condition; ($(AddWin8Adapters)) was evaluated as (false)."
"Message",Low,"Task ""AddToNativePackageTask"" skipped, due to false condition; ($(AddWin8Adapters)) was evaluated as (false)."
"Message",Low,"Task ""AddToNativePackageTask"" skipped, due to false condition; ($(AddWin8Adapters)) was evaluated as (false)."
"Message",Low,"Done building target ""TransformAppxManifestAndAddCrt"" in project ""Unnamed_1""."
"Message",Low,"Target ""MergeFrameworkReswFilesWithTheAppPriFile"" skipped, due to false condition; ('@(AppResources)' != '' And '$(UseResKeysInsteadOfResStrings)' != 'true') was evaluated as ('C:\Users\Doniald\Desktop\ManualReference\Lane\Lane\obj\ARM\Release\ilc\in\resources.pri' != '' And 'true' != 'true')."
"Message",Low,"Target ""CopyPackageResourceFileInRetailBuild"" in file ""C:\Program Files (x86)\MSBuild\Microsoft\.NetNative\ARM\ilc\IlcInternals.targets"" from project ""C:\Users\Doniald\Desktop\ManualReference\Lane\Lane\Unnamed_1"" (target ""Build"" depends on it):"
"Message",Low,"Task ""AddToNativePackageTask"""
"Message",Low,"Done executing task ""AddToNativePackageTask""."
"Message",Low,"Done building target ""CopyPackageResourceFileInRetailBuild"" in project ""Unnamed_1""."
"Message",Low,"Target ""Build"" in file ""C:\Program Files (x86)\MSBuild\Microsoft\.NetNative\ARM\ilc\IlcInternals.targets"" from project ""C:\Users\Doniald\Desktop\ManualReference\Lane\Lane\Unnamed_1"" (entry point):"
"Message",Low,"Done building target ""Build"" in project ""Unnamed_1""."
"Message",Low,"Done building project ""Unnamed_1""."
"Message",Low,"Build succeeded."
